X,Y,code_pt,proprio,gestion,type_struc,type_ptech,type_fonc,etat,qualite,activite,adresse,etat_avt,obs,coord_x,coord_y,icon_url
-17.4683268504011,14.7103830352077,"0",FREE,FREE,CHAMBRE,L2T,,,,,,,1 T1 + 4 coupleurs 1 x 8,234210.53,1627747.94,./0.png
-17.4690181327895,14.7102185272022,"1",FREE,FREE,CHAMBRE,L2T,,,,,,,1 T0,234135.86,1627730.55,./0.png
-17.4692591562433,14.7104014509738,"2",FREE,FREE,CHAMBRE,L2T,,,,,,,1 T0,234110.11,1627751.08,./0.png
-17.4685592678623,14.710870733661,"3",FREE,FREE,CHAMBRE,L2T,,,,,,,1 T0,234186.08,1627802.20,./0.png
-17.4816209457745,14.7096092633801,"4",FREE,FREE,POTEAU,,,,,,,,Poteau à planter,232777.30,1627678.01,./1.png
-17.4814264910992,14.709692589132,"5",FREE,FREE,POTEAU,,,,,,,,"Poteau à planter
01 PBO sur poteau",232798.35,1627687.00,./1.png
-17.4814337598273,14.7097811142606,"6",FREE,FREE,POTEAU,,,,,,,,Poteau à planter,232797.68,1627696.81,./1.png
-17.4811840001941,14.7098710000643,"7",FREE,FREE,POTEAU,,,,,,,,"01 PBO su Poteau
Poteau à planter",232824.69,1627706.47,./1.png
-17.4809460004284,14.7099940003903,"8",FREE,FREE,POTEAU,,,,,,,,"01 PBO su Poteau
Poteau à planter",232850.49,1627719.80,./1.png
-17.4804510505435,14.7102550263496,"9",FREE,FREE,POTEAU,,,,,,,,"FO 1-7
N'existait pas dans la 1ere version",232904.13,1627748.11,./1.png
-17.480260000334,14.7101239996384,"10",FREE,FREE,POTEAU,,,,,,,,Poteau Abonné,232924.55,1627733.38,./1.png
-17.4812889997541,14.7093940002287,"11",FREE,FREE,POTEAU,,,,,,,,Poteau Abonné,232812.80,1627653.79,./1.png
-17.4811100003008,14.7090150002636,"12",FREE,FREE,POTEAU,,,,,,,,Poteau Abonné,232831.62,1627611.62,./1.png
-17.4816594702444,14.7096310319601,"13",FREE,FREE,CHAMBRE,L2T,,,,,,,RPB : Rondpoint Bethio,232773.17,1627680.47,./0.png
-17.4822589394351,14.7094096798413,"14",FREE,FREE,CHAMBRE,L2T,,,,,,,"L2T/MZ3
1 BPEO T0",232708.32,1627656.67,./0.png
-17.4822589394351,14.7094096798413,"15",FREE,FREE,CHAMBRE,L2T,,,,,,,"L2T/MZ3
1 BPEO T0",232708.32,1627656.67,./0.png
-17.4718367540423,14.6970850398353,"16",FREE,FREE,CHAMBRE,K2C,,,,,,,,233816.25,1626280.10,./0.png
-17.4752604935394,14.6936575049708,"17",FREE,FREE,CHAMBRE,L2T,,,,,,,"L2T à créer

1 BPEO T0 + 1 coupleur 1:8 (recup de fibres de l'olt)

L2T_SP = L2T SEA PLAZA",233443.20,1625904.74,./0.png
-17.4811382018403,14.708250893144,"18",FREE,FREE,CHAMBRE,K2C,,,,,,,"-5 C1
-1 T1
Chambre SR de
C1 déporté dans la  BPEO T1",232827.66,1627527.08,./0.png
-17.4815899059751,14.7092508286598,"19",FREE,FREE,CHAMBRE,,,,,,,,,232780.21,1627638.30,./0.png
-17.4823671446154,14.707207589894,"20",FREE,FREE,CHAMBRE,L2T,,,,,,,"BPEO T0
Joint droit",232693.98,1627413.05,./0.png
-17.4818238722503,14.7068219678684,"21",FREE,FREE,CHAMBRE,L2T,,,,,,,1 BPEO T1 (N°2),232752.04,1627369.72,./0.png
-17.4808931692512,14.7075058509192,"22",FREE,FREE,CHAMBRE,L2T,,,,,,,1 BPEO T1 (N°3),232853.15,1627444.32,./0.png
-17.4819250292514,14.7066138318766,"23",FREE,FREE,CHAMBRE,L2T,,,,,,,BPE T1 (N°4),232740.89,1627346.80,./0.png
-17.4825864892865,14.7060929464426,"24",FREE,FREE,CHAMBRE,L2T,,,,,,,1 BPEO T1 (N°5),232668.99,1627289.93,./0.png
-17.4914143781705,14.7293884183802,"25",FREE,FREE,CHAMBRE,K2C,,,,,,,"Cahmbre prevue sur le projet en cours
(recupération des fibres de l'OLT: utilisation de la BPEO prévue sur le projet en cours) : prévoir 2 K7 coupleur",231746.36,1629879.07,./0.png
-17.4914050656726,14.7290028620221,"26",FREE,FREE,CHAMBRE,L2T,,,,,,,1 BPEO T1 +2 coupleurs 1:8,231746.89,1629836.38,./0.png
-17.4917944149287,14.7285682879534,"27",FREE,FREE,CHAMBRE,L2T,,,,,,,"1 BPEO T1
Joint droit",231704.41,1629788.74,./0.png
-17.4923280706155,14.7286391976168,"28",FREE,FREE,CHAMBRE,,,,,,,,"IMMEUBLE10
IMMEUBLE16",231647.01,1629797.22,./0.png
-17.4920525348754,14.7285894881042,"29",FREE,FREE,CHAMBRE,,,,,,,,"IMMEUBLE11
IMMEUBLE12
IMMEUBLE14
IMMEUBLE15",231676.63,1629791.39,./0.png
-17.4918351776544,14.7285459290488,"30",FREE,FREE,CHAMBRE,,,,,,,,"Ralie
rg privé3
rg privé4",231699.99,1629786.31,./0.png
-17.4914605748727,14.7289303947853,"31",FREE,FREE,CHAMBRE,,,,,,,,"IMMEUBLE5
IMMEUBLE6
IMMEUBLE7
IMMEUBLE8",231740.82,1629828.42,./0.png
-17.4917351906309,14.7290965751083,"32",FREE,FREE,CHAMBRE,,,,,,,,"IMMEUBLE1
IMMEUBLE2
IMMEUBLE3
IMMEUBLE4",231711.44,1629847.15,./0.png
-17.4626110588382,14.6961582806131,"33",FREE,FREE,CHAMBRE,L2T,,,,,,,1 BPEO T0,234809.15,1626166.65,./0.png
-17.4630389779812,14.6963403059343,"34",FREE,FREE,CHAMBRE,,,,,,,,"caniveau existant TIGO
1 BPEO + 2 coupleur 1:8
recup de fibre",234763.27,1626187.30,./0.png
-17.4627372821621,14.6958235639199,"35",FREE,FREE,CHAMBRE,,,,,,,,Regard Privé,234795.15,1626129.75,./0.png
-17.46707830367,14.7129140288182,"36",FREE,FREE,CHAMBRE,L2T,,,,,,,"Prévue sur le projet en cours
1 BPEO T0",234348.12,1628026.63,./0.png
-17.4667604872156,14.712159310947,"37",FREE,FREE,CHAMBRE,L2T,,,,,,,1 BPEO T0 + 1 coupleurs 1:8 (recupération des fibres de l'OLT),234381.44,1627942.71,./0.png
-17.4688874682327,14.7136584637263,"38",FREE,FREE,CHAMBRE,L2T,,,,,,,"04 C1 prévues
T0 pour les C1",234154.10,1628111.16,./0.png
-17.4680365546888,14.7121552164032,"39",FREE,FREE,CHAMBRE,,,,,,,,caniveau à créer pour,234243.96,1627943.76,./0.png
-17.4685365583043,14.7124493563648,"40",FREE,FREE,CHAMBRE,L2T,,,,,,,"1 BPEO T1 pour les C1
FO 1 à 4: Cluster N°1
FO 5 à 8: Cluster N°2
FO 9 à 12: Cluster N°3",234190.44,1627976.91,./0.png
-17.4701672033115,14.7109963402041,"41",FREE,FREE,CHAMBRE,,,,,,,,1  BPEO T0,234013.00,1627818.00,./0.png
-17.4701178938916,14.711443952198,"42",FREE,FREE,CHAMBRE,L2T,,,,,,,,234018.86,1627867.49,./0.png
-17.4692719677759,14.7130591393825,"43",FREE,FREE,CHAMBRE,,,,,,,,"Piquage sur le câble B2B existant
Fibre 5 et 6 à récuperer 
T1 pour déporter les C1",234111.95,1628045.28,./0.png
-16.2373086774605,15.6249971284193,"44",ADIE,ADIE,CHAMBRE,L3T,,,,,,,,367365.44,1727841.14,./0.png
-16.2375620379942,15.6230218895555,"45",ADIE,ADIE,CHAMBRE,L3T,,,,,,,,367337.01,1727622.77,./0.png
-16.2346925342648,15.6212478112289,"46",ADIE,ADIE,CHAMBRE,L3T,,,,,,,,367643.51,1727424.71,./0.png
-16.2348916909151,15.6259196867923,"47",ADIE,ADIE,CHAMBRE,L3T,,,,,,,,367625.16,1727941.70,./0.png
-16.2396268015717,15.6266076535893,"48",ADIE,ADIE,CHAMBRE,L3T,,,,,,,,367117.95,1728020.76,./0.png
-16.2391806609264,15.6301394402454,"49",ADIE,ADIE,CHAMBRE,L3T,,,,,,,,367168.06,1728411.22,./0.png
-15.1160187256369,15.3956585628503,"50",ADIE,ADIE,CHAMBRE,L3T,,,,,,,,487550.34,1702091.70,./0.png
-17.4626666670191,14.7042499995868,"51",ADIE,ADIE,CHAMBRE,K2C,,,,,,,,234812.94,1627062.40,./0.png
-17.4663333326413,14.7000277780983,"52",ADIE,ADIE,CHAMBRE,K2C,,,,,,,,234412.78,1626599.35,./0.png
-17.4665277783027,14.7001388887406,"53",ADIE,ADIE,CHAMBRE,L3T,,,,,,,,234391.96,1626611.88,./0.png
-17.4683833330417,14.7313333331439,"54",ADIE,ADIE,CHAMBRE,L3T,,,,,,,,234229.85,1630067.03,./0.png
-17.4693166672468,14.7317000003601,"55",ADIE,ADIE,CHAMBRE,L3T,,,,,,,,234129.75,1630108.72,./0.png
-17.4729241357929,14.7316044315002,"56",ADIE,ADIE,CHAMBRE,L3T,,,,,,,,233741.01,1630102.41,./0.png
-17.4723498265973,14.7296168010469,"57",ADIE,ADIE,CHAMBRE,L3T,,,,,,,,233800.46,1629881.71,./0.png
-17.4719821014374,14.7255470979044,"58",ADIE,ADIE,CHAMBRE,L3T,,,,,,,,233835.13,1629430.80,./0.png
-17.4723999999291,14.7269999998599,"59",ADIE,ADIE,CHAMBRE,L3T,,,,,,,,233791.88,1629592.11,./0.png
-17.4715282324229,14.7273417759143,"60",ADIE,ADIE,CHAMBRE,L3T,,,,,,,,233886.21,1629628.92,./0.png
-17.4712768408941,14.7262555385943,"61",ADIE,ADIE,CHAMBRE,L3T,,,,,,,,233911.97,1629508.38,./0.png
-17.4708111112245,14.7210098349712,"62",ADIE,ADIE,CHAMBRE,L3T,,,,,,,,233955.78,1628927.17,./0.png
-17.4710736901391,14.7160338706885,"63",ADIE,ADIE,CHAMBRE,L3T,,,,,,,,233921.45,1628376.68,./0.png
-17.4708467003497,14.7152943956858,"64",ADIE,ADIE,CHAMBRE,L3T,,,,,,,,233945.01,1628294.56,./0.png
-17.4713867200964,14.7122647936158,"65",ADIE,ADIE,CHAMBRE,L3T,,,,,,,,233883.15,1627959.85,./0.png
-17.4699000004215,14.7109666673462,"66",ADIE,ADIE,CHAMBRE,L3T,,,,,,,,234041.75,1627814.40,./0.png
-17.4703499999308,14.7077333333911,"67",ADIE,ADIE,CHAMBRE,L3T,,,,,,,,233989.35,1627457.03,./0.png
-17.471616666824,14.7087333329573,"68",ADIE,ADIE,CHAMBRE,L3T,,,,,,,,233854.09,1627569.21,./0.png
-17.4707000000119,14.7059166669902,"69",ADIE,ADIE,CHAMBRE,L3T,,,,,,,,233949.44,1627256.35,./0.png
-17.4699666669061,14.7059666673037,"70",ADIE,ADIE,CHAMBRE,L3T,,,,,,,,234028.51,1627261.02,./0.png
-17.469283332605,14.703449999716,"71",ADIE,ADIE,CHAMBRE,L3T,,,,,,,,234099.08,1626981.64,./0.png
-17.4681666781479,14.6995765006481,"72",ADIE,ADIE,CHAMBRE,L3T,,,,,,,,234214.70,1626551.56,./0.png
-17.4678524855662,14.6995060485787,"73",ADIE,ADIE,CHAMBRE,K2C,,,,,,,,234248.47,1626543.39,./0.png
-17.4689914484293,14.6990919705743,"74",ADIE,ADIE,CHAMBRE,L3T,,,,,,,,234125.25,1626498.90,./0.png
-17.472048548974,14.7016723626203,"75",ADIE,ADIE,CHAMBRE,L3T,,,,,,,,233799.00,1626788.13,./0.png
-17.4738300599376,14.703128156122,"76",ADIE,ADIE,CHAMBRE,L3T,,,,,,,,233608.82,1626951.38,./0.png
-17.4739130236455,14.7030219730792,"77",ADIE,ADIE,CHAMBRE,L3T,,,,,,,,233599.75,1626939.72,./0.png
-17.4764187328446,14.7039074417982,"78",ADIE,ADIE,CHAMBRE,K2C,,,,,,,,233330.85,1627040.70,./0.png
-17.4780634529327,14.7052955007869,"79",ADIE,ADIE,CHAMBRE,L3T,,,,,,,,233155.34,1627196.30,./0.png
-17.4777799982013,14.7045523608805,"80",ADIE,ADIE,CHAMBRE,L3T,,,,,,,,233184.97,1627113.70,./0.png
-17.4791938229121,14.706344745932,"81",ADIE,ADIE,CHAMBRE,L3T,,,,,,,,233034.82,1627313.78,./0.png
-17.4801666665301,14.7076666665967,"82",ADIE,ADIE,CHAMBRE,L3T,,,,,,,,232931.62,1627461.26,./0.png
-17.4799186323625,14.7106903855999,"83",ADIE,ADIE,CHAMBRE,L3T,,,,,,,,232962.02,1627795.67,./0.png
-17.4799911964292,14.7109073867602,"84",ADIE,ADIE,CHAMBRE,L3T,,,,,,,,232954.47,1627819.77,./0.png
-17.4812875368398,14.7128196765149,"85",ADIE,ADIE,CHAMBRE,L3T,,,,,,,,232817.13,1628032.98,./0.png
-17.4820993953391,14.7150434978297,"86",ADIE,ADIE,CHAMBRE,L3T,,,,,,,,232732.37,1628280.11,./0.png
-17.4262500000064,14.6981944440081,"87",ADIE,ADIE,CHAMBRE,L3T,,,,,,,,238729.26,1626349.60,./0.png
-17.4323333326662,14.6980555558668,"88",ADIE,ADIE,CHAMBRE,L3T,,,,,,,,238073.66,1626341.29,./0.png
-17.4334166667287,14.6980555561363,"89",ADIE,ADIE,CHAMBRE,L3T,,,,,,,,237956.94,1626342.54,./0.png
-17.4328888887438,14.7186111109532,"90",ADIE,ADIE,CHAMBRE,L3T,,,,,,,,238038.35,1628617.21,./0.png
-17.4339222168078,14.7156941743234,"91",ADIE,ADIE,CHAMBRE,L3T,,,,,,,,237923.54,1628295.54,./0.png
-17.434249999719,14.7100277778744,"92",ADIE,ADIE,CHAMBRE,L3T,,,,,,,,237881.45,1627668.71,./0.png
-17.4354305560757,14.70617222185,"93",ADIE,ADIE,CHAMBRE,L3T,,,,,,,,237749.66,1627243.31,./0.png
-17.4357499999125,14.7040555563966,"94",ADIE,ADIE,CHAMBRE,L3T,,,,,,,,237712.71,1627009.39,./0.png
-17.4367777778076,14.6992777784002,"95",ADIE,ADIE,CHAMBRE,L3T,,,,,,,,237596.27,1626481.74,./0.png
-17.4368611107176,14.6981388886128,"96",ADIE,ADIE,CHAMBRE,K2C,,,,,,,,237585.93,1626355.77,./0.png
-17.4381666670315,14.6980555555929,"97",ADIE,ADIE,CHAMBRE,L3T,,,,,,,,237445.16,1626348.07,./0.png
-17.4417500004145,14.6986944442093,"98",ADIE,ADIE,CHAMBRE,L3T,,,,,,,,237059.85,1626422.96,./0.png
-17.4418333327093,14.7013055556247,"99",ADIE,ADIE,CHAMBRE,L3T,,,,,,,,237054.00,1626712.08,./0.png
-17.4422777777832,14.7055555559236,"100",ADIE,ADIE,CHAMBRE,L3T,,,,,,,,237011.21,1627183.03,./0.png
-17.4467222216841,14.7054444441225,"101",ADIE,ADIE,CHAMBRE,L3T,,,,,,,,236532.24,1627175.92,./0.png
-17.4469444436493,14.7021944443779,"102",ADIE,ADIE,CHAMBRE,L3T,,,,,,,,236504.39,1626816.44,./0.png
-17.4476666673941,14.6984166671029,"103",ADIE,ADIE,CHAMBRE,L3T,,,,,,,,236422.04,1626399.12,./0.png
-17.4493881649806,14.6984131010292,"104",ADIE,ADIE,CHAMBRE,L3T,,,,,,,,236236.56,1626400.74,./0.png
-17.4498055562334,14.6990555563701,"105",ADIE,ADIE,CHAMBRE,L3T,,,,,,,,236192.36,1626472.34,./0.png
-17.4496749940291,14.6981622764211,"106",ADIE,ADIE,CHAMBRE,L3T,,,,,,,,236205.35,1626373.31,./0.png
-17.4512222217459,14.6969999999914,"107",ADIE,ADIE,CHAMBRE,K2C,,,,,,,,236037.25,1626246.46,./0.png
-17.4512037879526,14.6972826277711,"108",ADIE,ADIE,CHAMBRE,K2C,,,,,,,,236039.58,1626277.73,./0.png
-17.4536111107643,14.6997499998883,"109",ADIE,ADIE,CHAMBRE,L3T,,,,,,,,235783.17,1626553.66,./0.png
-17.4546666672894,14.7010000000726,"110",ADIE,ADIE,CHAMBRE,L3T,,,,,,,,235670.95,1626693.26,./0.png
-17.4584722224357,14.7013888887076,"111",ADIE,ADIE,CHAMBRE,L3T,,,,,,,,235261.40,1626740.77,./0.png
-17.4562595954306,14.7028385968107,"112",ADIE,ADIE,CHAMBRE,K2C,,,,,,,,235501.54,1626898.64,./0.png
-17.4586666670402,14.70563888934,"113",ADIE,ADIE,CHAMBRE,L3T,,,,,,,,235245.58,1627211.44,./0.png
-17.4565833326744,14.7073611105522,"114",ADIE,ADIE,CHAMBRE,L3T,,,,,,,,235472.11,1627399.62,./0.png
-17.4579928397852,14.7090692337154,"115",ADIE,ADIE,CHAMBRE,L3T,,,,,,,,235322.31,1627590.35,./0.png
-17.4523888891911,14.7155277781417,"116",ADIE,ADIE,CHAMBRE,L3T,,,,,,,,235933.85,1628298.68,./0.png
-17.4554722222614,14.7160555561601,"117",ADIE,ADIE,CHAMBRE,L3T,,,,,,,,235602.30,1628360.72,./0.png
-17.4560083330622,14.7174333333832,"118",ADIE,ADIE,CHAMBRE,K2C,,,,,,,,235546.21,1628513.85,./0.png
-17.4561666665713,14.7181944440997,"119",ADIE,ADIE,CHAMBRE,L3T,,,,,,,,235530.07,1628598.29,./0.png
-17.4565833332747,14.718138888976,"120",ADIE,ADIE,CHAMBRE,L3T,,,,,,,,235485.11,1628592.63,./0.png
-17.4554166667193,14.7148055562553,"121",ADIE,ADIE,CHAMBRE,L3T,,,,,,,,235606.78,1628222.29,./0.png
-17.4558055556001,14.7122500002742,"122",ADIE,ADIE,CHAMBRE,L3T,,,,,,,,235561.80,1627939.87,./0.png
-17.4583488994399,14.7092181487192,"123",ADIE,ADIE,CHAMBRE,K2C,,,,,,,,235284.13,1627607.25,./0.png
-17.4600000002428,14.707388888962,"124",ADIE,ADIE,CHAMBRE,L3T,,,,,,,,235104.04,1627406.71,./0.png
-17.4928090802121,14.755076457175,"125",ADIE,ADIE,CHAMBRE,K2C,,,,,,,,231627.61,1632724.24,./0.png
-17.4931666666356,14.7530999997287,"126",ADIE,ADIE,CHAMBRE,L3T,,,,,,,,231586.66,1632505.88,./0.png
-17.491983333256,14.7512166673615,"127",ADIE,ADIE,CHAMBRE,L3T,,,,,,,,231711.82,1632296.00,./0.png
-17.4894666670097,14.7498166666084,"128",ADIE,ADIE,CHAMBRE,L3T,,,,,,,,231981.20,1632138.02,./0.png
-17.4895908462494,14.7485825698655,"129",ADIE,ADIE,CHAMBRE,L3T,,,,,,,,231966.31,1632001.56,./0.png
-17.4880166674418,14.7477166666027,"130",ADIE,ADIE,CHAMBRE,L3T,,,,,,,,232134.82,1631903.84,./0.png
-17.4885499995974,14.7457333333015,"131",ADIE,ADIE,CHAMBRE,L3T,,,,,,,,232074.94,1631684.93,./0.png
-17.4879621987047,14.7567698200827,"132",ADIE,ADIE,CHAMBRE,L3T,,,,,,,,232151.78,1632905.90,./0.png
-17.4833833329808,14.7591499998448,"133",ADIE,ADIE,CHAMBRE,L3T,,,,,,,,232647.91,1633163.91,./0.png
-17.4792333330295,14.758333332869,"134",ADIE,ADIE,CHAMBRE,L3T,,,,,,,,233093.93,1633068.58,./0.png
-17.4762807273673,14.7558256992358,"135",ADIE,ADIE,CHAMBRE,L3T,,,,,,,,233408.92,1632787.50,./0.png
-17.4742532587528,14.7556287706807,"136",ADIE,ADIE,CHAMBRE,L3T,,,,,,,,233627.07,1632763.29,./0.png
-17.4721603947995,14.7557578613106,"137",ADIE,ADIE,CHAMBRE,L3T,,,,,,,,233852.66,1632775.10,./0.png
-17.4683745164152,14.7547433039578,"138",ADIE,ADIE,CHAMBRE,L3T,,,,,,,,234259.23,1632658.32,./0.png
-17.4651894446205,14.75067175495,"139",ADIE,ADIE,CHAMBRE,L3T,,,,,,,,234597.37,1632203.87,./0.png
-17.4641042170927,14.7486987430015,"140",ADIE,ADIE,CHAMBRE,L3T,,,,,,,,234711.88,1631984.19,./0.png
-17.4975922790449,14.7535183416416,"141",ADIE,ADIE,CHAMBRE,L3T,,,,,,,,231110.45,1632557.48,./0.png
-17.5021015286716,14.7513706202305,"142",ADIE,ADIE,CHAMBRE,L3T,,,,,,,,230622.07,1632325.14,./0.png
-17.5043962961455,14.7518537960612,"143",ADIE,ADIE,CHAMBRE,L3T,,,,,,,,230375.48,1632381.38,./0.png
-17.5071441191277,14.7513732995883,"144",ADIE,ADIE,CHAMBRE,L3T,,,,,,,,230078.89,1632331.49,./0.png
-17.5081605823857,14.7479492731713,"145",ADIE,ADIE,CHAMBRE,L3T,,,,,,,,229965.16,1631953.69,./0.png
-17.5112606902818,14.7445810835919,"146",ADIE,ADIE,CHAMBRE,K2C,,,,,,,,229627.05,1631584.57,./0.png
-17.5124844460514,14.744968100406,"147",ADIE,ADIE,CHAMBRE,K2C,,,,,,,,229495.70,1631628.88,./0.png
-17.513016667072,14.7461333328681,"148",ADIE,ADIE,CHAMBRE,L3T,,,,,,,,229439.81,1631758.51,./0.png
-17.5141666669913,14.7461166667939,"149",ADIE,ADIE,CHAMBRE,L3T,,,,,,,,229315.90,1631758.05,./0.png
-17.5142166673745,14.7455666672507,"150",ADIE,ADIE,CHAMBRE,L3T,,,,,,,,229309.84,1631697.23,./0.png
-17.5140786241187,14.7444767153395,"151",ADIE,ADIE,CHAMBRE,L3T,,,,,,,,229323.36,1631576.41,./0.png
-17.5156037242217,14.7445868228981,"152",ADIE,ADIE,CHAMBRE,L3T,,,,,,,,229159.20,1631590.43,./0.png
-17.5182965411983,14.7454570567949,"153",ADIE,ADIE,CHAMBRE,L3T,,,,,,,,228870.20,1631690.01,./0.png
-17.5193246520171,14.7461026320715,"154",ADIE,ADIE,CHAMBRE,L3T,,,,,,,,228760.25,1631762.71,./0.png
-17.5235000003575,14.7447833325469,"155",ADIE,ADIE,CHAMBRE,L3T,,,,,,,,228308.82,1631621.71,./0.png
-17.5090088220334,14.7366788177893,"156",ADIE,ADIE,CHAMBRE,L3T,,,,,,,,229859.88,1630707.12,./0.png
-17.5084286062397,14.7328839234473,"157",ADIE,ADIE,CHAMBRE,L3T,,,,,,,,229917.70,1630286.35,./0.png
-17.5055958458728,14.7288553927237,"158",ADIE,ADIE,CHAMBRE,L3T,,,,,,,,230217.92,1629837.02,./0.png
-17.5013752885314,14.7268523171927,"159",ADIE,ADIE,CHAMBRE,L3T,,,,,,,,230670.14,1629610.23,./0.png
-17.5003029378915,14.7258677260995,"160",ADIE,ADIE,CHAMBRE,L3T,,,,,,,,230784.46,1629499.96,./0.png
-17.4989237179324,14.7226029868599,"161",ADIE,ADIE,CHAMBRE,K2C,,,,,,,,230929.04,1629136.93,./0.png
-17.4958502541692,14.7232711801549,"162",ADIE,ADIE,CHAMBRE,L3T,,,,,,,,231260.97,1629207.22,./0.png
-17.4915897082024,14.7212888098989,"163",ADIE,ADIE,CHAMBRE,K2C,,,,,,,,231717.55,1628982.70,./0.png
-17.4906000004207,14.7197333327137,"164",ADIE,ADIE,CHAMBRE,L3T,,,,,,,,231822.28,1628809.34,./0.png
-17.4895999995768,14.7190999999045,"165",ADIE,ADIE,CHAMBRE,L3T,,,,,,,,231929.24,1628738.05,./0.png
-17.4883666666409,14.7184833329515,"166",ADIE,ADIE,CHAMBRE,L3T,,,,,,,,232061.36,1628668.32,./0.png
-17.4872485139242,14.719977183105,"167",ADIE,ADIE,CHAMBRE,L3T,,,,,,,,232183.65,1628832.35,./0.png
-17.4871744240685,14.7200985862718,"168",ADIE,ADIE,CHAMBRE,L3T,,,,,,,,232191.78,1628845.70,./0.png
-17.4876555167717,14.723016533715,"169",ADIE,ADIE,CHAMBRE,L3T,,,,,,,,232143.51,1629169.27,./0.png
-17.4881634404126,14.7261121160334,"170",ADIE,ADIE,CHAMBRE,L3T,,,,,,,,232092.58,1629512.53,./0.png
-17.4883164187839,14.7265916513651,"171",ADIE,ADIE,CHAMBRE,L3T,,,,,,,,232076.68,1629565.80,./0.png
-17.4871314106704,14.7311053959502,"172",ADIE,ADIE,CHAMBRE,L3T,,,,,,,,232209.86,1630064.03,./0.png
-17.4855784258333,14.7311509579451,"173",ADIE,ADIE,CHAMBRE,L3T,,,,,,,,232377.22,1630067.22,./0.png
-17.4859385253717,14.7319989692788,"174",ADIE,ADIE,CHAMBRE,L3T,,,,,,,,232339.47,1630161.52,./0.png
-17.4858956001265,14.7325103843551,"175",ADIE,ADIE,CHAMBRE,L3T,,,,,,,,232344.71,1630218.08,./0.png
-17.4867106100389,14.7330457149151,"176",ADIE,ADIE,CHAMBRE,L3T,,,,,,,,232257.57,1630278.31,./0.png
-17.4866333325774,14.7341999999992,"177",ADIE,ADIE,CHAMBRE,L3T,,,,,,,,232267.31,1630405.99,./0.png
-17.4883657160837,14.7347186440636,"178",ADIE,ADIE,CHAMBRE,L3T,,,,,,,,232081.31,1630465.46,./0.png
-17.4876666669398,14.7366833332323,"179",ADIE,ADIE,CHAMBRE,L3T,,,,,,,,232159.02,1630682.10,./0.png
-17.4863205868679,14.7177792629321,"180",ADIE,ADIE,CHAMBRE,L3T,,,,,,,,232280.93,1628587.95,./0.png
-17.4352779715974,14.6575836222166,"181",ADIE,ADIE,CHAMBRE,K2C,,,,,,,,237708.12,1621864.91,./0.png
-17.4330289229763,14.6491596990604,"182",ADIE,ADIE,CHAMBRE,L3T,,,,,,,,237940.46,1620929.87,./0.png
-17.4329972406341,14.6489964419632,"183",ADIE,ADIE,CHAMBRE,L3T,,,,,,,,237943.68,1620911.76,./0.png
-17.4332162550935,14.6489315750692,"184",ADIE,ADIE,CHAMBRE,L3T,,,,,,,,237920.00,1620904.83,./0.png
-17.4341091416539,14.6519086239547,"185",ADIE,ADIE,CHAMBRE,L3T,,,,,,,,237827.32,1621235.39,./0.png
-17.4351800003871,14.6576099998959,"186",ADIE,ADIE,PYLONE,,,,,,Plateau,,,237718.71,1621867.71,./2.png
-17.4412400003083,14.6688799997094,"187",ADIE,ADIE,PYLONE,,,,,,Plateau,,,237079.14,1623122.22,./2.png
-17.4361299999655,14.6748800003368,"188",ADIE,ADIE,PYLONE,,,,,,Plateau,,,237636.93,1623780.41,./2.png
-17.4447900002768,14.6815100003431,"189",ADIE,ADIE,PYLONE,,,,,,Medina,,,236711.72,1624524.36,./2.png
-17.4663499995778,14.6800199999098,"190",ADIE,ADIE,PYLONE,,,,,,Fann,,,234386.79,1624384.68,./2.png
-17.4669000000393,14.6990999996471,"191",ADIE,ADIE,PYLONE,,,,,,Point E,,,234350.60,1626497.32,./2.png
-17.4513500004343,14.6976000004213,"192",ADIE,ADIE,PYLONE,,,,,,Dakar COLOBANE,,,236024.21,1626313.03,./2.png
-17.4577300001532,14.7093000000301,"193",ADIE,ADIE,PYLONE,,,,,,Dakar BOURGUIBA,,,235350.91,1627615.59,./2.png
-17.4758600000788,14.7033100001963,"194",ADIE,ADIE,PYLONE,,,,,,Dakar,,,233390.33,1626973.91,./2.png
-17.4704100001359,14.7117099998265,"195",ADIE,ADIE,PYLONE,,,,,,Dakar VDN,,,233987.71,1627897.28,./2.png
-17.4919200000674,14.7211600001571,"196",ADIE,ADIE,PYLONE,,,,,,Dakar,,,231681.81,1628968.84,./2.png
-17.4683399998322,14.7314300003318,"197",ADIE,ADIE,PYLONE,,,,,,Dakar LIBERTE VI,,,234234.64,1630077.68,./2.png
-17.4894600002927,14.7451299999666,"198",ADIE,ADIE,PYLONE,,,,,,Dakar,,,231976.18,1631619.23,./2.png
-17.4662299998496,14.7471200001226,"199",ADIE,ADIE,PYLONE,,,,,,Dakar VDN,,,234480.97,1631811.95,./2.png
-17.4431199998323,14.7489599999728,"200",ADIE,ADIE,PYLONE,,,,,,Dakar,,,236972.58,1631988.45,./2.png
-17.423889999632,14.7626199999638,"201",ADIE,ADIE,PYLONE,,,,,,Dakar Parcelle Assainie,,,239060.28,1633478.05,./2.png
-17.3801099996035,14.7550999998468,"202",ADIE,ADIE,PYLONE,,,,,,Thiaroye,,,243766.93,1632595.29,./2.png
-17.3543499997806,14.7500800001543,"203",ADIE,ADIE,PYLONE,,,,,,Mbao,,,246535.70,1632010.44,./2.png
-17.1826599998366,14.7225900001624,"204",ADIE,ADIE,PYLONE,,,,,,Rufisque,,,264998.13,1628781.55,./2.png
-17.2700999999694,14.7144500002278,"205",ADIE,ADIE,PYLONE,,,,,,Rufisque,,,255570.36,1627973.70,./2.png
-17.5240099996481,14.7470299996604,"206",ADIE,ADIE,PYLONE,,,,,,Dakar,,,228256.67,1631871.02,./2.png
-17.3887400002297,14.7720699995721,"207",ADIE,ADIE,PYLONE,,,,,,Guediawaye,,,242857.35,1634483.50,./2.png
-17.4115799996866,14.7495799997046,"208",ADIE,ADIE,PYLONE,,,,,,Dakar PIKINE,,,240370.70,1632020.41,./2.png
-17.4325999997211,14.6982000003945,"209",ADIE,ADIE,PYLONE,,,,,,Yarah,,,238045.10,1626357.58,./2.png
-17.3037999997389,14.776700000077,"210",ADIE,ADIE,PYLONE,,,,,,Dakar,,,252010.61,1634900.38,./2.png
-16.0771999995809,14.1393999999588,"211",ADIE,ADIE,PYLONE,,,,,,Kaolack,,,383736.72,1563410.35,./2.png
-17.4350749999445,14.6640788001523,"212",ADIE,ADIE,PYLONE,,,,,,Plateau,,,237737.73,1622583.62,./2.png
-17.4371389999153,14.6611957999,"213",ADIE,ADIE,PYLONE,,,,,,Plateau,,,237511.88,1622266.89,./2.png
-17.4406794995546,14.6598123996431,"214",ADIE,ADIE,PYLONE,,,,,,Plateau,,,237128.70,1622117.88,./2.png
-17.4542721997624,14.6996150996357,"215",ADIE,ADIE,PYLONE,,,,,,Dakar,,,235711.78,1626539.50,./2.png
-17.442444199547,14.705624400199,"216",ADIE,ADIE,PYLONE,,,,,,Dakar HLM,,,236993.36,1627190.84,./2.png
-17.4497559995737,14.7620699003848,"217",ADIE,ADIE,PYLONE,,,,,,Parcelle Assainie,,,236273.58,1633447.37,./2.png
-17.4557799996407,14.7177299996557,"218",ADIE,ADIE,PYLONE,,,,,,Dakar,,,235571.16,1628546.42,./2.png
-17.5042793998691,14.7236849003304,"219",ADIE,ADIE,PYLONE,,,,,,Dakar,,,230353.38,1629263.09,./2.png
-17.4384319996586,14.7315078996638,"220",ADIE,ADIE,PYLONE,,,,,,Dakar HANN,,,237456.63,1630051.20,./2.png
-17.4199250004231,14.7640529997592,"221",ADIE,ADIE,PYLONE,,,,,,Dakar PIKINE,,,239489.06,1633632.06,./2.png
-17.4510090004176,14.7367526001474,"222",ADIE,ADIE,PYLONE,,,,,,Dakar,,,236108.08,1630646.45,./2.png
-17.3121431998808,14.7388523002377,"223",ADIE,ADIE,PYLONE,,,,,,Mbao,,,251069.01,1630720.59,./2.png
-17.0646100002471,14.6509100001128,"224",ADIE,ADIE,PYLONE,,,,,,DIASS,,,277640.76,1620729.30,./2.png
-16.3995199996884,14.3396199997317,"225",ADIE,ADIE,PYLONE,,,,,,Fatick,,,349076.08,1585743.70,./2.png
-16.4643600003657,14.123519999898,"226",ADIE,ADIE,PYLONE,,,,,,Foundiougne,,,341932.19,1561880.05,./2.png
-16.0771999995809,14.1393999999588,"227",ADIE,ADIE,PYLONE,,,,,,Kaolack,,,383736.72,1563410.35,./2.png
-15.7745299998146,13.7376300002371,"228",ADIE,ADIE,PYLONE,,,,,,Nioro Du Rip,,,416261.60,1518844.21,./2.png
-14.8071599995376,13.9806600000864,"229",ADIE,ADIE,PYLONE,,,,,,Kouguel,,,520826.72,1545595.87,./2.png
-15.5503500003523,14.1055099996768,"230",ADIE,ADIE,PYLONE,,,,,,Kaffrine,,,440593.68,1559464.77,./2.png
-16.2330800002114,14.654279999841,"231",ADIE,ADIE,PYLONE,,,,,,Diourbel,,,367215.10,1620449.92,./2.png
-16.0688300002908,14.4946099998882,"232",ADIE,ADIE,PYLONE,,,,,,Gossas,,,384821.47,1602697.75,./2.png
-16.0698237996938,14.4905545997692,"233",ADIE,ADIE,PYLONE,,,,,,Gossas,,,384712.27,1602249.66,./2.png
-15.9120429995788,14.7984100000269,"234",ADIE,ADIE,PYLONE,,,,,,Mbacke,,,401853.68,1636228.98,./2.png
-15.9119315004285,14.79769669997,"235",ADIE,ADIE,PYLONE,,,,,,Mbacke,,,401865.36,1636150.02,./2.png
-16.4550389000977,14.697488500037,"236",ADIE,ADIE,PYLONE,,,,,,Bambey,,,343339.93,1625372.09,./2.png
-16.4794053002831,14.6963057001917,"237",ADIE,ADIE,PYLONE,,,,,,Bambey,,,340715.10,1625258.29,./2.png
-16.9157399998912,14.7810900002078,"238",ADIE,ADIE,PYLONE,,,,,,Thies,,,293801.96,1634993.52,./2.png
-16.9309444403551,14.7956255001608,"239",ADIE,ADIE,PYLONE,,,,,,Thies,,,292178.75,1636616.01,./2.png
-16.940269999591,14.7825199996234,"240",ADIE,ADIE,PYLONE,,,,,,Thies,,,291162.20,1635174.45,./2.png
-16.9955599999322,14.4368099999222,"241",ADIE,ADIE,PYLONE,,,,,,Mbour,,,284872.85,1596970.48,./2.png
-16.9644999997789,14.409139999767,"242",ADIE,ADIE,PYLONE,,,,,,Mbour,,,288196.22,1593879.76,./2.png
-16.8191390997615,14.9545183996619,"243",ADIE,ADIE,PYLONE,,,,,,Tivaoune,,,304359.00,1654097.19,./2.png
-16.8047099999978,14.9619000001151,"244",ADIE,ADIE,PYLONE,,,,,,Tivaoune,,,305917.88,1654901.31,./2.png
-16.4525200003654,15.3682800002672,"245",ADIE,ADIE,PYLONE,,,,,,Kebemer,,,344099.28,1699583.86,./2.png
-16.2387089996242,15.627052000043,"246",ADIE,ADIE,PYLONE,,,,,,Louga,,,367216.63,1728069.35,./2.png
-16.2229280996914,15.6230248002828,"247",ADIE,ADIE,PYLONE,,,,,,Louga,,,368905.93,1727614.02,./2.png
-16.2182000002638,15.6149999996903,"248",ADIE,ADIE,PYLONE,,,,,,Louga,,,369407.75,1726723.31,./2.png
-16.4881700001502,16.0184400004109,"249",ADIE,ADIE,PYLONE,,,,,,Saint-Louis,,,340777.68,1771545.80,./2.png
-16.5043839001188,16.0257347998593,"250",ADIE,ADIE,PYLONE,,,,,,Saint-Louis,,,339048.44,1772365.45,./2.png
-16.4229699995925,16.0616600000773,"251",ADIE,ADIE,PYLONE,,,,,,Saint-Louis,,,347787.64,1776278.91,./2.png
-16.5029199999047,16.038059999771,"252",ADIE,ADIE,PYLONE,,,,,,Saint-Louis,,,339214.97,1773728.07,./2.png
-15.5078599999649,16.5264900004203,"253",ADIE,ADIE,PYLONE,,,,,,Dagana,,,445807.23,1827242.53,./2.png
-15.5190687997888,16.5029784997917,"254",ADIE,ADIE,PYLONE,,,,,,Dagana,,,444604.43,1824644.65,./2.png
-14.9518899998909,16.6387699997965,"255",ADIE,ADIE,PYLONE,,,,,,Podor,,,505130.69,1839595.29,./2.png
-13.2542499997981,15.6557100000604,"256",ADIE,ADIE,PYLONE,,,,,,Matam,,,687121.92,1731622.00,./2.png
-12.4583099998198,14.9068499997743,"257",ADIE,ADIE,PYLONE,,,,,,Bakel,,,773446.94,1649584.23,./2.png
-15.1168894996836,15.3959827998967,"258",ADIE,ADIE,PYLONE,,,,,,Linguere,,,487456.92,1702127.61,./2.png
-13.9558599997035,15.2989800000944,"259",ADIE,ADIE,PYLONE,,,,,,Ranerou,,,612100.73,1691664.48,./2.png
-16.5461900001926,12.4874099995792,"260",ADIE,ADIE,PYLONE,,,,,,Oussouye,,,331973.00,1380941.74,./2.png
-16.2768199998825,12.5696299998719,"261",ADIE,ADIE,PYLONE,,,,,,Ziguinchor 03,,,361294.74,1389879.89,./2.png
-16.2735299997772,12.5860999998104,"262",ADIE,ADIE,PYLONE,,,,,,Ziguinchor02,,,361661.02,1391699.86,./2.png
-16.2735559999623,12.5864720003955,"263",ADIE,ADIE,PYLONE,,,,,,Bignona,,,361658.39,1391741.02,./2.png
-15.5564999997413,12.7119000003233,"264",ADIE,ADIE,PYLONE,,,,,,Sedhiou,,,439582.67,1405340.74,./2.png
-14.9395599999124,12.8936000001566,"265",ADIE,ADIE,PYLONE,,,,,,Kolda,,,506556.98,1425370.17,./2.png
-14.107190000203,13.1429099998276,"266",ADIE,ADIE,PYLONE,,,,,,Velinguara,,,596765.37,1453111.13,./2.png
-12.1973899997723,12.558689999974,"267",ADIE,ADIE,PYLONE,,,,,,Kedougou,,,804557.60,1389954.32,./2.png
-13.6688200002712,13.7756399997309,"268",ADIE,ADIE,PYLONE,,,,,,Tambacounda,,,643905.09,1523311.55,./2.png
-12.7151300001314,14.1885299997498,"269",ADIE,ADIE,PYLONE,,,,,,Goudiry,,,746600.31,1569782.65,./2.png
-15.890225999671,14.8335239997253,"270",ADIE,ADIE,PYLONE,,,,,,Touba,,,404217.04,1640103.65,./2.png
-15.8617639997697,14.8639039997848,"271",ADIE,ADIE,PYLONE,,,,,,Touba,,,407292.54,1643452.12,./2.png
-15.8893826997666,14.8403826001879,"272",ADIE,ADIE,PYLONE,,,,,,Touba,,,404310.80,1640861.95,./2.png
-16.7244777001664,12.3672283000279,"273",ADIE,ADIE,PYLONE,,,,,,KABROUSSE,,,312506.98,1367766.01,./2.png
-16.5452710000098,12.4871858000303,"274",ADIE,ADIE,PYLONE,,,,,,Oussouye,,,332072.75,1380916.36,./2.png
-12.2774600001451,12.7433900002943,"275",ADIE,ADIE,PYLONE,,,,,,Bantaco,,,795637.45,1410308.70,./2.png
-12.4001250004043,12.9026749999641,"276",ADIE,ADIE,PYLONE,,,,,,Mako,,,782131.21,1427803.01,./2.png
-12.6755139998817,13.0450720004465,"277",ADIE,ADIE,PYLONE,,,,,,Niokolo,,,752087.39,1443274.76,./2.png
-12.9903289999386,13.1610199996919,"278",ADIE,ADIE,PYLONE,,,,,,Dienoumdiala,,,717830.41,1455812.52,./2.png
-13.2272500004034,13.2768389999752,"279",ADIE,ADIE,PYLONE,,,,,,Dialacoto,,,692051.71,1468433.12,./2.png
-15.6056321002015,13.5920200003646,"280",ADIE,ADIE,PYLONE,,,,,,Ayib,,,434482.49,1502687.87,./2.png
-14.6650405003277,16.5105911998019,"281",ADIE,ADIE,PYLONE,,,,,,Ndioum,,,535745.59,1825445.18,./2.png
-14.9568642999613,16.6528754002501,"282",ADIE,ADIE,PYLONE,,,,,,Podor,,,504599.87,1841155.53,./2.png
-13.3192812997157,15.6090534003241,"283",ADIE,ADIE,PYLONE,,,,,,Ourossogui,,,680190.47,1726403.09,./2.png
-16.7680514004299,14.0242992000558,"284",ADIE,ADIE,PYLONE,,,,,,Palmarin,,,309059.91,1551127.77,./2.png
-17.43481908197,14.6735078508256,"285",SENELEC,SENELEC,PYLONE,,SITE,,,,VINCENS,EXISTANT,BLR,237776.55,1623627.01,./2.png
-17.4345570445461,14.6904716272236,"286",SENELEC,SENELEC,PYLONE,,SITE,,,,BEL AIR,EXISTANT,BLR,237825.02,1625504.41,./2.png
-17.4388194381434,14.7314471568728,"287",SENELEC,SENELEC,PYLONE,,SITE,,,,HANN,EXISTANT,BLR,237414.82,1630044.93,./2.png
-17.4532371470794,14.6835798906396,"288",SENELEC,SENELEC,PYLONE,,SITE,,,,Medina,EXISTANT,BLR,235804.02,1624763.35,./2.png
-17.3435485082917,14.7585425191392,"289",SENELEC,SENELEC,PYLONE,,SITE,,,,MBAO,EXISTANT,BLR,247708.90,1632934.95,./2.png
-17.2637354433866,14.7422537357427,"290",SENELEC,SENELEC,PYLONE,,SITE,,,,KOUNOUNE 90,EXISTANT,BLR,256286.89,1631044.05,./2.png
-17.3888179846931,14.7695621553272,"291",SENELEC,SENELEC,PYLONE,,SITE,,,,GUEDIAWAYE,EXISTANT,BLR,242846.00,1634206.00,./2.png
-16.9430923989243,14.6458633995204,"292",SENELEC,SENELEC,PYLONE,,SITE,,,,DIASS,EXISTANT,BLR,290728.00,1620055.00,./2.png
-16.9499443048933,14.4704596793025,"293",SENELEC,SENELEC,PYLONE,,SITE,,,,MALICOUNDA,EXISTANT,BLR,289823.69,1600651.77,./2.png
-16.8797926337964,14.9949349741957,"294",SENELEC,SENELEC,PYLONE,,SITE,,,,TOBENE,EXISTANT,BLR,297871.88,1658623.90,./2.png
-16.6339562196034,15.1149587990454,"295",SENELEC,SENELEC,PYLONE,,SITE,,,,MEKHE,EXISTANT,BLR,324411.00,1671694.00,./2.png
-16.2338269763571,15.864337046972,"296",SENELEC,SENELEC,PYLONE,,SITE,,,,SAKAL,EXISTANT,BLR,367893.47,1754318.07,./2.png
-13.2547344771208,15.6557469822712,"297",SENELEC,SENELEC,PYLONE,,SITE,,,,MATAM,EXISTANT,BLR,687069.95,1731625.66,./2.png
-12.451278484103,14.8966016089208,"298",SENELEC,SENELEC,PYLONE,,SITE,,,,BAKEL,EXISTANT,BLR,774216.84,1648458.40,./2.png
-14.9187900448893,12.8772016428213,"299",SENELEC,SENELEC,PYLONE,,SITE,,,,KOLDA,EXISTANT,BLR,508810.83,1423557.37,./2.png
-16.2440397578278,12.5843395660877,"300",SENELEC,SENELEC,PYLONE,,SITE,,,,ZIGUINCHOR 1,EXISTANT,BLR,364863.98,1391489.81,./2.png
-16.0775117158804,14.143183435866,"301",SENELEC,SENELEC,PYLONE,,SITE,,,,KAOLACK,EXISTANT,BLR,383705.00,1563829.00,./2.png
-16.4076177432808,14.3341692419138,"302",SENELEC,SENELEC,PYLONE,,SITE,,,,FATICK,EXISTANT,BLR,348199.00,1585146.00,./2.png
-13.67112700307,13.7678640159444,"303",SENELEC,SENELEC,PYLONE,,SITE,,,,TAMBA,EXISTANT,BLR,643660.41,1522450.00,./2.png
-16.5050207362556,16.022879357879,"304",SENELEC,SENELEC,PYLONE,,SITE,,,,SAINT LOUIS,EXISTANT,BLR,338978.00,1772050.00,./2.png
-17.2735418157229,14.7159301262404,"305",SENELEC,SENELEC,PYLONE,,SITE,,,,CDB,EXISTANT,BLR,255201.25,1628141.25,./2.png
-16.9470108542971,14.8107431812191,"306",SENELEC,SENELEC,PYLONE,,SITE,,,,THIES 1,EXISTANT,BLR,290463.53,1638303.86,./2.png
-16.856230789553,14.7713221626255,"307",SENELEC,SENELEC,PYLONE,,SITE,,,,THIES 3,EXISTANT,BLR,300200.21,1633858.85,./2.png
-16.2294773218856,12.6712409099176,"308",SENELEC,SENELEC,PYLONE,,SITE,,,,ZIGUINCHOR 2,EXISTANT,BLR,366491.17,1401094.20,./2.png
-16.8993847636916,14.7808322939637,"309",SENELEC,SENELEC,PYLONE,,SITE,,,,THIES 2,EXISTANT,BLR,295562.66,1634950.04,./2.png
